{
  "model_version": "2.0.0",
  "model_type": "TF-IDF + Logistic Regression",
  "trained_at": "2025-12-11T09:09:15.631964+00:00",
  "dataset": "zefang-liu/phishing-email-dataset",
  "metrics": {
    "accuracy": 0.9589812332439678,
    "precision": 0.9304918032786885,
    "recall": 0.9679399727148704,
    "f1_score": 0.9488465396188566,
    "roc_auc": 0.9928512116815063,
    "cv_mean_accuracy": 0.9656836461126005,
    "cv_std": 0.002685987253286052
  },
  "confusion_matrix": {
    "true_negatives": 2158,
    "false_positives": 106,
    "false_negatives": 47,
    "true_positives": 1419
  },
  "training_info": {
    "training_samples": 14920,
    "test_samples": 3730,
    "features": 5000,
    "ngram_range": [
      1,
      2
    ]
  },
  "preprocessing": {
    "method": "regex-based",
    "url_token": "URL_TOKEN",
    "email_token": "EMAIL_TOKEN"
  }
}